Name,Age,City,Salary,Department
Alice,25,London,50000,HR
Bob,30,New York,60000,IT
Charlie,35,Paris,70000,Finance
David,40,Berlin,80000,Marketing
Eve,22,Tokyo,45000,Sales
Tyler Willis,48,Danielton,79564,HR
Allen Poole,22,New Carlos,97357,Sales
John Sexton,35,South Brandon,64054,Sales
Daryl Becker,54,Jameshaven,109659,IT
Anne Hall,21,Christopherport,54265,Sales
Nicholas Scott,42,New Kevin,62799,Marketing
Erika Garza,28,Josephport,101124,HR
Lacey Bonilla,42,North James,53434,Finance
Melissa Elliott,22,New Ann,64706,Marketing
Alan Williams,54,Kentland,61574,HR
Timothy Gray,59,Smithview,67691,IT
Eric Morse,38,Andreastad,86591,Finance
John Hughes,40,East David,52125,Sales
Danielle Daniels,42,Lake Marthaton,99347,IT
Joanna Williams,30,New Sean,91326,Sales
Joshua Holmes,47,West Luisborough,87336,Marketing
Melinda Burgess,36,North Tracyhaven,87921,Finance
Katherine Richard,59,Lake Davidchester,110029,HR
Sandra House,46,West Jasonfurt,48753,Finance
Linda Chen,38,West Virginiafurt,52284,Marketing
Ryan Friedman,41,Boyleport,59513,Marketing
Tony Wright,42,Jonesland,73529,Sales
Virginia Gillespie,30,Amymouth,100395,Finance
Calvin Miller,35,Michaelburgh,70773,Sales
Jeffrey Smith,39,Lake Williamchester,98319,HR
Christy Harrison,27,New Zachary,68275,IT
Frank Johnson,30,East Robert,113654,Finance
Alfred Franklin,47,Clarkeville,40321,HR
Elizabeth Yates,40,Lake James,89962,HR
Stephanie Lopez,57,Patricialand,70918,Finance
Christopher Hess,20,Ayalaport,66985,HR
Sharon Elliott,25,Khanhaven,118969,Marketing
Cody Young DDS,40,Josephfurt,105538,Finance
Deborah Taylor,52,Port Samantha,115510,Finance
Michael Figueroa,56,Rhondastad,105089,Sales
Antonio Freeman,21,Lake Debbie,92313,Sales
John Woodard,30,Cruzmouth,82986,IT
Michael Calhoun,36,North Nicolehaven,89848,Marketing
Alison Taylor,30,Kanebury,113211,IT
Jeffrey Cole,31,Emilyburgh,114232,Marketing
Ronald Curry,27,East Steventown,90365,HR
Mrs. Stacie Ramirez MD,25,Jamesborough,107316,IT
Christopher Smith,56,Kelseytown,80932,Sales
Timothy Russo,45,North Sarahland,44592,Marketing
Caitlyn Davis,56,South Elizabeth,78876,IT
Andrew Whitney,29,Johnsonhaven,112161,Finance
Jaclyn Newman,37,New Paigeland,119699,Sales
Renee Schwartz,54,Thomasburgh,45726,Marketing
Stephanie Ramos,53,West Christopher,49831,IT
Mrs. Dorothy Hensley,53,Michaelburgh,112751,IT
Mary Owens,36,New Teresatown,84254,Marketing
James Aguilar,60,Lopezborough,64037,Finance
Nicholas Anderson,32,Stevenchester,47003,Finance
Lisa Garcia,25,Gallaghermouth,90546,Finance
Colton Franklin,23,Romanstad,61111,Finance